Alternate Item Number,AVM Item Number,"System 100 Deck Coating
Bags (Concrete Sloping / Cementitious Texture)",Key,Unit,Unit Size,Unit Weight,"Units /
Pallet",Appx. Pallet Weight,Your Prices,Suggested Retail,% MARGIN,,,,
100TXG,100-TX-G,AVM Texture 100 Gray Cement ,P,Bag,50 LB,50 LB,56,2850 LB,17.95,22.44,0.20008912655971486,Note 2,,,
100TXW,100-TX-W,AVM Texture 100 White Cement ,P,Bag,50 LB,50 LB,56,2850 LB,25.4,31.75,0.20000000000000004,Note 2,,,
200G,200-G,AVM Aggregate 200 Gray Cement - (Thin Slurrys),P,Bag,50 LB,50 LB,56,2850 LB,17.95,22.44,0.20008912655971486,Note 2,,,
200W,200-W,AVM Aggregate 200 White Cement - (Thin Slurrys),P,Bag,50 LB,50 LB,56,2850 LB,25.4,31.75,0.20000000000000004,Note 2,,,
400G,400-G,AVM Aggregate 400 Gray Cement- (Sloping / Leveling),P,Bag,50 LB,50 LB,56,2850 LB,17.78,22.23,0.20017993702204226,Note 2,,,
400SCG,400-SC-G,AVM Aggregate 400 Gray Cement- (Sloping / Leveling),P,Bag,50 LB,50 LB,56,2850 LB,25.29,31.61,0.1999367288832648,Note 2,,,
Alternate Item Number,AVM Item Number,Concrete Additives,Key,Unit,Unit Size,Unit Weight,"Units /
Pallet",Appx. Pallet Weight,Your Prices,Suggested Retail,% MARGIN,,,,
ADD74002,ADD7400-2,Concrete Additive 7400 - Multi Purpose,P,Pail,2 Gal,18 LB,Call,Call,45.59,56.99,0.2000350938761186,1 Yr,,,
ADD74002CC,ADD7400-2 CC,Concrete Additive 7400 - Custom Color,P,Pail,2 Gal,18 LB,Call,Call,75.05,93.81,0.1999786803112675,1 Yr,,,
ADD74005,ADD7400-5,Concrete Additive 7400 - Multi Purpose,F,Pail,5 Gal,46 LB,36,1750 LB,85,106.25,0.2,1 Yr,,,
ADD74005CC,ADD7400-5 CC,Concrete Additive 7400 - Custom Color,F,Pail,5 Gal,46 LB,Call,Call,145,181.25,0.2,1 Yr,,,
Alternate Item Number,AVM Item Number,Reinforcement Mats,Key,Unit,Unit Size,Unit Weight,"Units /
Pallet",Appx. Pallet Weight,Your Prices,Suggested Retail,% MARGIN,,,,
MAT1001750,MAT100-1750,Fiberglass Roll ,P,Roll,1750 SF,84 LB,16,1450 LB,165,206.25,0.2,Note 1 ,*  87 lbs in box,,
MAT8006300,MAT800-6/300,"Reinforcement Mat 6""  Wide x 300 Feet long",P,Roll,300 LF,3 LB,Call,Call,49.8,62.25,0.20000000000000004,Note 1 ,,,
MAT80012300,MAT800-12/300,"Reinforcement Mat 12"" Wide x 300 Feet long",P,Roll,300 LF,6.5 LB,Call,Call,92.5,115.63,0.20003459309867677,Note 1 ,,,
MAT80040324,MAT800-40/324,"Reinforcement Mat 40"" Wide x 324 Feet Long  ",P,Roll,1080 SF,22.5 LB,25,612 LB,186.26,232.83,0.20001717991667747,Note 1 ,,,
Alternate Item Number,AVM Item Number,Acrylic Primer,Key,Unit,Unit Size,Unit Weight,"Units /
Pallet",Appx. Pallet Weight,Your Prices,Suggested Retail,% MARGIN,,,,
PRIM1002,PRIM100-2,AVM Primer 100  2 Gal,P,Pail,2 Gal,18 LB,Call,Call,54.6,68.25,0.19999999999999998,1 Yr,,,
PRIM1005,PRIM100-5,AVM Primer 100  5 Gal,P,Pail,5 Gal,46 LB,36,1750 LB,103.33,129.16,0.19998451532982348,1 Yr,,,
Alternate Item Number,AVM Item Number,Base Coat (Laminating Resin),Key,Unit,Unit Size,Unit Weight,"Units /
Pallet",Appx. Pallet Weight,Your Prices,Suggested Retail,% MARGIN,,,,
BA1008022,BA100-802-2,AVM Base Resin 100 - SILVER,P,Pail,2 Gal,18 LB,Call,Call,95.68,119.6,0.1999999999999999,1 Yr,,,
BA100XXX2C,BA100-XXX-2-C,AVM Base Resin 100- Custom Color,P,Pail,2 Gal,18 LB,Call,Call,115.7,144.63,0.20002765677936798,1 Yr,,,
BA1008025,BA100-802-5,AVM Base Resin 100- SILVER,F,Pail,5 Gal,46 LB,36,1750 LB,183.08,228.85,0.19999999999999993,1 Yr,,,
BA100XXX5C,BA100-XXX-5-C,AVM Base Resin 100 - Custom Color,F,Pail,5 Gal,46 LB,36,1750 LB,223.08,278.85,0.2,1 Yr,,,
Alternate Item Number,AVM Item Number,Pre-Mixed Acrylic Texture,Key,Unit,Unit Size,Unit Weight,"Units /
Pallet",Appx. Pallet Weight,Your Prices,Suggested Retail,% MARGIN,,,,
TX1008022Silver,TX100-802-2-Silver,AVM Texture 100 - SILVER,P,Pail,2 Gal,23 LB,Call,Call,88.51,110.64,0.20001807664497465,1 Yr,,,
TX1000002TBTINTBASE,TX100-000-2-TB (TINT BASE),"AVM Texture 100 - ""Clear Tint Base For Pigment""",P,Pail,2 Gal,23 LB,Call,Call,78.71,98.39,0.20002032726903146,1 Yr,,,
TX100XXX2C,TX100-XXX-2-C,AVM Texture 100 - Custom Color,P,Pail,2 Gal,23 LB,Call,Call,166.91,208.64,0.20000958588957052,1 Yr,,,
TX1008025Silver,TX100-802-5-Silver,AVM Texture 100 - SILVER,F,Pail,5 Gal,58 LB,36,2140 LB,166.91,208.64,0.20000958588957052,1 Yr,,,
TX1000005TBTintBase,TX100-000-5-TB (Tint Base),"AVM Texture 100 - ""Clear Tint Base For Pigment""",F,Pail,5 Gal,58 LB,36,2140 LB,159.15,198.94,0.20001005328239665,1 Yr,,,
TX100XXX5C,TX100-XXX-5-C,AVM Texture 100 - Custom Color,F,Pail,5 Gal,58 LB,Call,Call,207.29,259.11,0.19999228127050295,1 Yr,,,
Alternate Item Number,AVM Item Number,Top Coat Sealer / Color Packs,Key,Unit,Unit Size,Unit Weight,"Units /
Pallet",Appx. Pallet Weight,Your Prices,Suggested Retail,% MARGIN,,,,
TCS41502IPInclPigment,TCS 4150-2-IP (Incl. Pigment),AVM Top Coat Sealer 4150 - Std Colors,P,Pail,2 Gal,19 LB,Call,Call,131.28,164.1,0.19999999999999996,1 Yr,,,
TCS41502TBTintBase,TCS 4150-2-TB (Tint Base),"AVM Top Coat Sealer 4150 ""Clear Tint Base For Pigment"" ",P,Pail,2 Gal,18 LB,Call,Call,109.14,136.43,0.20002931906472188,1 Yr,,,
ColorPack2Gal,Color Pack 2-Gal,Color Pack,P,Jar,For 2 Gal,12 LB,6,Call,27.25,34.06,0.1999412800939519,1 Yr,,,
TCS41502S,TCS 4150-2-S,AVM Top Coat Sealer 4150 - Clear Sealer,P,Pail,2 Gal,19 LB,Call,Call,137.11,171.39,0.20001166929225728,1 Yr,,,
TCS41502C,TCS 4150-2-C,AVM Top Coat Sealer 4150 - Custom Colors,P,Pail,2 Gal,19 LB,Call,Call,153.41,191.76,0.19998957029620357,1 Yr,,,
TCS41505IPInclPigment,TCS 4150-5-IP (Incl. Pigment),AVM Top Coat Sealer 4150  - Std Colors,P,Pail,5 Gal,48 LB,36,1800 LB,205,256.25,0.2,1 Yr,,,
TCS41505FPForPigment,TCS 4150-5-FP (For Pigment),"AVM Top Coat Sealer 4150 ""Clear Tint Base For Pigment"" ",P,Pail,5 Gal,48 LB,36,1800 LB,163.68,204.6,0.19999999999999996,1 Yr,,,
ColorPack5Gal,Color Pack 5-Gal,Color Pack ,P,Jar, For 5 Gal,16 LB,6,Call,56.32,70.4,0.20000000000000007,1 Yr,,,
TCS41505S,TCS 4150-5-S,AVM Top Coat Sealer 4150 - Clear Sealer,P,Pail,5 Gal,46 LB,36,1750 LB,221,276.25,0.2,1 Yr,,,
TCS41505C,TCS 4150-5-C,AVM Top Coat Sealer 4150 - Custom Colors,P,Pail,5 Gal,48 LB,36,1800 LB,325,406.25,0.2,1 Yr,,,
Alternate Item Number,AVM Item Number,Patching,Key,Unit,Unit Size,Unit Weight,"Units /
Pallet",Appx. Pallet Weight,Your Prices,Suggested Retail,% MARGIN,,,,
PACH50202,PACH5020-2,AVM AcriPatch 5020 in 2 Gal Bucket,P,Pail,2 Gal,15 LB,Call,Call,121.22,151.53,0.20002639741305353,1 Yr,,,
PACH50205,PACH5020-5,AVM AcriPatch 5020 in 5 Gal Bucket,P,Pail,5 Gal,46 LB,36,1750 LB,252.5,315.63,0.20001267306656528,1 Yr,,,
Alternate Item Number,AVM Item Number,Epoxy Primers / Epoxy Coatings,Key,Unit,Unit Size,Unit Weight,"Units /
Pallet",Appx. Pallet Weight,Your Prices,Suggested Retail,% MARGIN,,,,
Primer04012GalKit,Primer 0401 2-Gal (Kit),AVM Epoxy Primer 401 2 Gal Kit  (2 Part Solvent Based) ,P,Kit,2 Gal,26 LB,36,1000 LB,213.91987600000002,267.399845,0.2,1 Yr,,,
GasLock042024GalKit,Gas-Lock-0420-2.4-Gal (Kit),AVM Gas-Lock 420 2.4 Gal Kit (Moisture/Methane) (2-Part 100% Solids Epoxy) ,K ,Kit,2.4 Gal,26 LB,42,1150 LB,466.796,583.495,0.2,,,,
Alternate Item Number,AVM Item Number,"System 700 
Under Tile Membrane",Key,Unit,Unit Size,Unit Weight,"Units /
Pallet",Appx. Pallet Weight,Your Prices,Suggested Retail,% MARGIN,,,,
PA70050,PA70050,AVM Paste 700 ,P,Pail,5 Gal,46 LB,36,1750 LB,196.8948,246.11849999999998,0.19999999999999993,1 Yr,,,
Alternate Item Number,AVM Item Number,Aussie Tite 540,Key,Unit,Unit Size,Unit Weight,"Units /
Pallet",Appx. Pallet Weight,Your Prices,Suggested Retail,% MARGIN,,,,
AussieTite540,Aussie Tite 540,"Aussie Tite 540 Roll (1M - 3.28' x 66') 215 sqft.  8 Rolls/Pallet  PVC/RPF
Waterproofing Sheet",F,Roll,216 sq ft,95 LB,16,1570 LB,925.4344000000001,1156.7930000000001,0.2,Note 5,,,
FlexLA432M540,Flex LA432M 540-5,Aussie Tite 540 Low VOC Membrane Bonding Adhesive 5 Gal (Flex LA432M),P,Pail,5 Gal,35.4 LB,45,1650 LB,416.2848,520.356,0.19999999999999996,Note 5,,,
AussieFlashR540250SF,Aussie Flash R 540 250 SF,"Aussie Flash R 540 Roll (2.5' x 100') 250 sqft.  40 Rolls/Pallet
Reinforced Thermoplastic Flashing",P,Roll,250 sq ft,100 LB,16,4050 LB,945.7253999999999,1182.1567499999999,0.19999999999999998,Note 5,,,
AussieFlashR540500SF,Aussie Flash R 540 500 SF,"Aussie Flash R 540 Roll (5' x 100') 500 sqft.  20 Rolls/Pallet
Reinforced Thermoplastic Flashing",P,Roll,500 sq ft,200 LB,9,1850 LB,1891.4507999999998,2364.3134999999997,0.19999999999999998,Note 5,,,
AussieFlashNR540,Aussie Flash NR 540,"Aussie Flash NR 540 Roll (12"" x 50') 50 sqft.  80 Rolls/Pallet
Non-Reinforced Thermoplastic Flashing",P,Roll,50 sq ft,20 LB,80,1650 LB,187.2746,234.09324999999998,0.19999999999999998,Note 5,,,
AussieFlashDM540 ,Aussie Flash DM 540 ,"Aussie Flash DM 540 Roll (2' x 50') 100 sqft.  40 Rolls/Pallet
Non-Reinforced Detail Membrane",P,Roll,100 sq ft,40 LB,40,1650 LB,422.3,527.875,0.19999999999999998,Note 5,,,
AussieFleece540101SF,Aussie Fleece 540 101 SF,Aussie Fleece 540 Roll (3.28' x 31') 101 sqft.  RPF - Reactive Polymer Fleece,P,Roll,101 sq ft,5.2 LB,30,206 LB,207.8746,259.84324999999995,0.1999999999999999,Note 5,,,
InsideCorners540,Inside Corners 540,Inside Corners 540 Detail Membrane  20/Box (Price per 1 Inside Corner),"B,P",Each,20/Box,1 LB,,,9.991,12.48875,0.2,Note 5,Sold in full boxes only,,
OutsideCorners540,Outside Corners 540,Outside Corners 540 Detail Membrane  20/Box (Price per 1 Outside Corner),"B,P",Each,20/Box,1 LB,,,11.33,14.1625,0.19999999999999998,Note 5,Sold in full boxes only,,
TJointCovers540,T-Joint Covers 540,T-Joint Covers 540 Detail Membrane  100/Box (Price per 1 T-joint Cover),"B,P",Each,100/Box,5.5 LB,,,1.2566,1.5707499999999999,0.19999999999999998,Note 5,Sold in full boxes only,,
AussieBoot35540,"Aussie Boot 3""-5"" 540","Aussie Boot 540 3""-5"" 6/Box Split Boot (Price is for 1 Boot)","B,P",Each,6/Box,,,,61.800000000000004,77.25,0.19999999999999996,Note 5,Sold in full boxes only,,
AussieBoot68540,"Aussie Boot 6""-8"" 540","Aussie Boot 540 6""-8"" 6/Box Split Boot (Price is for 1 Boot)","B,P",Each,6/Box,,,,80.34,100.425,0.19999999999999996,Note 5,Sold in full boxes only,,
Alternate Item Number,AVM Item Number,Hot Rubber 570,Key,Unit,Unit Size,Unit Weight,"Units /
Pallet",Appx. Pallet Weight,Your Prices,Suggested Retail,% MARGIN,,,,
HotRubber570Box30LB,Hot Rubber 570 Box 30 LB,Aussie 570 Hot Rubber 30 LB,F,Box,30 LB Box,30 LB,75,2300 LB,24.72,30.9,0.2,1 Yr,"Truck Load Qty = 18 Pallets (1,350 Boxes) / 42,300 lbs",,
Mat5703600,Mat 570-3' x 600',"Hot Rubber Reinforcing Fabric - 3' x 600' = 1,800 sq ft roll",F,Roll,1800 sq ft,23 LB,25,625 LB,256.985,321.23125,0.19999999999999993,2 Yr,,,
Primer570SB,Primer 570-SB,Primer 570-SB (for Hot Rubber),F,Pail,5 Gal,41.0 LB,36,1526 LB,157.8475,197.309375,0.19999999999999998,1 Yr,,,
570ProtectionSheet108,570 Protection Sheet 108',Aussie Protection Sheet 570 - 90 mil - 108',F,Roll,108,55 LB,30,1650 LB,56.65,70.8125,0.2,1 Yr,,,
Neoprene5706100,"Neoprene 570 6""x100'","Aussie 570 Uncured Neoprene - 6"" x 100' 2 per box",F,Roll,50 sq ft,21.75 LB,60,1305 LB,Call,Call,,2 months ,Note 5,,
Neoprene57012100,"Neoprene 570 12""x100'","Aussie 570 Uncured Neoprene - 12"" x 100' 2 per box",F,Roll,100 sq ft,43.5 LB,30,1305 LB,Call,Call,,2 months ,Note 5,,
Neoprene57036100,"Neoprene 570 36""x100'","Aussie 570 Uncured Neoprene - 36"" x 100' ",F,Roll,300 sq ft,130.5 LB,10,1305 LB,Call,Call,,2 months ,Note 5,,
Alternate Item Number,AVM Item Number,"System 500 Series
Liquid Bitumen Membranes",Key,Unit,Unit Size,Unit Weight,"Units /
Pallet",Appx. Pallet Weight,Your Prices,Suggested Retail,% MARGIN,,,,
AusMem5005,Aus-Mem-500-5,Aussie Membrane 500 - 5 Gal Bucket,F,Pail,5 Gal,53 LB,42,2300 LB,101.97,127.46249999999999,0.19999999999999996,1 Yr,,,
Primer5002,Primer-500-2,AVM Primer 500 - 2 Gal Bucket,P,Pail,2 Gal,15 LB,Call,Call,44.176700000000004,55.220875,0.19999999999999993,1 Yr,,,
Primer5005,Primer-500-5,AVM Primer 500 - 5 Gal Bucket,F,Pail,5 Gal,40 LB,36,1500 LB,92.494,115.61749999999999,0.19999999999999996,1 Yr,,,
Alternate Item Number,AVM Item Number,"Polyurethane
(Below-Grade and Decks)",Key,Unit,Unit Size,Unit Weight,Units/Pallet,Appx. Pallet Weight,Your Prices,Suggested Retail,% MARGIN,,,,
Aussie520,Aussie-520,Aussie 520 polyurethane membrane,F,Pail,5 Gal,60 LB,36,2210 LB,108.15,131.89024390243904,0.18000000000000005,1 Yr,,,
Alternate Item Number,AVM Item Number,Bitumenous Sheet Membrane,Key,Unit,Unit Size,Unit Weight,"Units /
Pallet",Appx. Pallet Weight,Your Prices,Suggested Retail,% MARGIN,,,,
AussieMate580AL60,Aussie Mate 580-AL-60,Aussie Mate 580-AL (60 Mils) Bituminous Sheet Membrane,F,Roll,215 SF ,90 LB,20,1850 LB,142.3048,177.881,0.2,1 Yr,,,
AussieMate580AL80,Aussie Mate 580-AL-80,Aussie Mate 580-AL (80 Mils) Bituminous Sheet Membrane,F,Roll,215 SF ,123.2 LB,16,2050 LB,224.952,281.19,0.2,1 Yr,,,
AussieMate580PL60,Aussie Mate 580-PL-60,"Aussie Mate 580-PL (60 Mils) Bituminous Sheet Membrane 
with Plastic Facesheet",F,Roll,200 SF,72 LB,25,1825 LB,101.97,127.46249999999999,0.19999999999999996,1 Yr,,,
Primer580SBHV5,Primer 580-SB-HV-5,Primer 580-Solvent Based-High VOC 5.0 Gal Bucket,F,Pail,5 Gal,38 LB,36,1420 LB,200.85,251.06249999999997,0.19999999999999993,1 Yr,,,
Primer580SBLV5,Primer 580-SB-LV-5,Primer 580-Solvent Based-Low VOC 5.0 Gal Bucket,F,Pail,5 Gal,44 LB,36,1640 LB,277.07,346.3375,0.19999999999999996,1 Yr,,,
Primer580WBLV5,Primer 580-WB-LV-5,Aussie Bond 580-Water Based-Low VOC 5.0 Gal Bucket,F,Pail,5 Gal,46 LB,36,1700 LB,159,198.75,0.2,1 Yr,,,
Alternate Item Number,AVM Item Number,Aussie Skin,Key,Unit,Unit Size,Unit Weight,"Units /
Pallet",Appx. Pallet Weight,Your Prices,Suggested Retail,% MARGIN,,Your Prices,% MARGIN,
AussieSkin550G1M,Aussie Skin 550G-1M,Aussie Skin 550G-1M (3.28' x 65.6'),F,Roll,215 SF ,77.1 LB,25,1980 LB,391.99739999999997,489.99674999999996,0.2,1 Yr,352.79766,0.2799999999999999,
AussieSkin550G2M,Aussie Skin 550G-2M,Aussie Skin 550G-2M (6.56' x 65.6'),F,Roll,430 SF ,156.5 LB,20,3200 LB,784.242,980.3024999999999,0.19999999999999996,1 Yr,705.8178,0.2799999999999999,
AussieSkin560G2M,Aussie Skin 560G-2M,Aussie Skin 560G-2M (6.56' x 65.6'),F,Roll,431 SF ,222.7 LB,16,3630 LB,852.2117000000001,1065.264625,0.19999999999999996,2 Yr,766.99053,0.27999999999999997,
AussieSkinDetailStrip550,Aussie Skin Detail Strip 550,"Aussie Skin Detail Strip 550 - 7.75"" x 65.6' (6 rolls per box)","B,P",Roll,65.6 LF ,11.0 LB,96,1106 LB,101.06360000000001,126.32950000000001,0.2,1 Yr,90.95724000000001,0.27999999999999997,
AussieSkinDetailStrip560,Aussie Skin Detail Strip 560,"Aussie Skin Detail Strip 560 - 13.1"" x 65.6' (2.0 mm) (4 rolls per box)","B,P",Roll,65.6 LF ,30.8 LB,64,2050 LB,196.8639,246.079875,0.19999999999999996,1 Yr,177.17751,0.2799999999999999,
AussieSkinSandedTape,Aussie Skin Sanded Tape,"Aussie Skin Sanded Tape - 4"" x 65.6' (15 rolls per box)","B,P",Roll,65.6 LF ,6.0 LB,240,1490 LB,59.7297,74.662125,0.2,1 Yr,53.756730000000005,0.27999999999999997,
AussieSkinDoubleSidedTape,Aussie Skin Double Sided Tape,"Aussie Skin Double Sided Tape - 4""  x 33' (32 per box)","B,P",Roll,33 LF ,2.20 LB,768,1722 LB,24.4316,30.539499999999997,0.19999999999999993,1 Yr,21.98844,0.2799999999999999,
Alternate Item Number,AVM Item Number,Tie Back Covers ,Key,Unit,Unit Size,Unit Weight,"Units /
Pallet",Appx. Pallet Weight,Your Prices,Suggested Retail,% MARGIN,,,,
TieBackCover4,"Tie Back Cover 4""","Tie Back Cover 4"". Price each:  (10 per box)",B,Each,1,3,540,1670 LB,48.410000000000004,60.5125,0.19999999999999998,Note 1,Sold in full boxes only,,
TieBackCover6,"Tie Back Cover 6""","Tie Back Cover 6"". Price each:  (10 per box)",B,Each,1,5,140,750 LB,78.28,97.85,0.19999999999999996,Note 1,Sold in full boxes only,,
TieBackCover8,"Tie Back Cover 8""","Tie Back Cover 8"". Price each:  (10 per box)",B,Each,1,6,40,300 LB,112.27,140.33749999999998,0.1999999999999999,Note 1,Sold in full boxes only,,
Alternate Item Number,AVM Item Number,Sealants ,Key,Unit,Unit Size,Unit Weight,"Units /
Pallet",Appx. Pallet Weight,Your Prices,Suggested Retail,% MARGIN,,,,
AusSealMCartridge,Aus Seal M (Cartridge),Polyether Sealant/Adhesive- (12 tubes per box),"B,P",Tube,10.1 oz,1.0 LB,1080,1281 LB,10.7429,13.428625,0.19999999999999998,1 Yr,,,
AusSealMSausage,Aus Seal M (Sausage),Polyether Sealant/Adhesive- (12 sausages per box) ,"B,P",Ssg,20 oz ,2.0 LB,540,1175 LB,18.3031,22.878875,0.2,1 Yr,,,
Alternate Item Number,AVM Item Number,"Aussie Clay
Bentonite Systems ",Key,Unit,Unit Size,Unit Weight,"Units /
Pallet",Appx. Pallet Weight,Your Prices,Suggested Retail,% MARGIN,,,,
AussieClay590,Aussie Clay 590,Aussie Clay (3.77' x 16.4') (1.15mx5M),F,Roll,61.9 sq.ft.,73.4 LB,35,2571 LB,70.3,87.87,0.1999544782064414,Note 4,,,
AussieClayPL590,Aussie Clay PL 590,Aussie Clay + Plastic Liner (3.77' x 16.4') (1.15mx5M),F,Roll,61.9 sq.ft.,77.8 LB,35,2765 LB,85.62,107.03,0.20003737269924318,Note 4,,,
AussieClaySWPL590,Aussie Clay SW-PL 590,Salt Water + Plastic Liner (3.77' x 16.4') (1.15mx5M),F,Roll,61.9 Sq.Ft.,78.3 LB,35,2787 LB,Call,Call,,Note 4,,,
AussieClaySealant,Aussie Clay Sealant,Aussie Clay Sealant (Expandable Bentonite Sealant),F,Pail,5.2 Gal,55 LB,36,2050 LB,185.0086,231.26075,0.2,1 Yr,,,
AussieClayGranules,Aussie Clay Granules,"Aussie Clay Granules, 50 LB bag",F,Bag,50 LB Bag,50 LB,60,3100 LB,24.823,31.02875,0.19999999999999996,1 Yr,,,
Alternate Item Number,AVM Item Number,"Plastic Liners 
(Polyolifin)",Key,Unit,Unit Size,Unit Weight,"Units /
Pallet",Appx. Pallet Weight,Your Prices,Suggested Retail,% MARGIN,,,,
GPL16,GPL-16,"GPL-16, Green Polyolifin Liner, 16 Mils (12.75' x 150') ",P,Roll,1912.5 SF,145 LB,20,2300 LB,551.0500000000001,688.8125,0.1999999999999999,2 Yrs,,,
GPLSTW,GPL-STW,"Seam Tape White 4"" x 150' Roll (12 rolls per box)","B,P",Roll,150 LF,2.4 LB,Call,Call,41.097,51.371249999999996,0.19999999999999993,2 Yrs,,,
Alternate Item Number,AVM Item Number,Drainage Mats,Key,Unit,Unit Size,Unit Weight,"Units /
Pallet",Appx. Pallet Weight,Your Prices,Suggested Retail,% MARGIN,,"Full Truckloads include up to $3,500 shipping allowance.  LTL orders are FOB",,(In U.S. 48 States)
AVMDrain6000200Sqft,AVM Drain 6000 (200 Sqft),AVM Drain Board 6000 (4'x50') 200 Sqft Roll,F,Roll,200 SF,50 LB,7,400 LB,127.6788,159.59849999999997,0.1999999999999999,Note 1,364 Rolls / Truck,,(Mixed sizes ok)
AVMDrain6000400Sqft,AVM Drain 6000 (400 Sqft),AVM Drain Board 6000 (8'x50') 400 Sqft Roll,F,Roll,400 SF,100 LB,7,750 LB,255.3576,319.19699999999995,0.1999999999999999,Note 1,182 Rolls / Truck,,(Mixed sizes ok)
AVMDrain9000200Sqft,AVM Drain 9000 (200 Sqft),AVM Drain Board 9000 (4'x50') 200 Sqft Roll (Horizontal Only),F,Roll,200 SF,50 LB,7,410 LB,256.47,320.58750000000003,0.2,Note 1,364 Rolls / Truck,,
AVMDrain9000T428SqFt,AVM Drain 9000 T (428.2 Sqft),AVM Drain Board 9000 T (3.84' x 111.55') 428.4 Sqft Roll (Horizontal Only),P,Roll,428.2 SF,62 LB,5,350 LB,395.52,494.4,0.2,Note 1,,,
Primer580WBLV5,Primer 580-WB-LV-5,Aussie Bond 580-Water Based-Low VOC 5.0 Gal Bucket,F,Pail,5 Gal,46 LB,36,1700 LB,159,198.75,0.2,1 Yr,,,
BD12,"BD-12""","AVM Bottom Drain (12"" W x 165' L)",P,Roll,165 LF,65 LB,8,580 LB,360.5,450.625,0.2,Note 1,,,
BDCorner12,"BD-Corner 12""","BD-Corner 12"" Bottom Drain Corner Piece (10/box)",B,Each,10/Box,,,,33.938500000000005,42.423125000000006,0.2,Note 1,Sold in full boxes only,,
BDEndOut12,"BD-End-Out 12""","BD-End Outlet 12"" Connector (10/box)",B,Each,10/Box,,,,31.93,39.912499999999994,0.1999999999999999,Note 1,Sold in full boxes only,,
BDSideOut12,"BD-Side-Out 12""","BD-Side Outlet 12"" (10/Box)",B,Each,10/Box,,,,31.93,39.912499999999994,0.1999999999999999,Note 1,Sold in full boxes only,,
BDSplice12,"BD-Splice 12""","BD- Splice 12"" (10/box)",B,Each,10/Box,,,,31.93,39.912499999999994,0.1999999999999999,Note 1,Sold in full boxes only,,
Alternate Item Number,AVM Item Number,Injection Tubes,Key,Unit,Unit Size,Unit Weight,"Units /
Pallet",Appx. Pallet Weight,Your Prices,Suggested Retail,% MARGIN,,,,
AussieTubeKit100,Aussie Tube Kit 100',Injection Tube System - 100' KIT,P,Kit,100 LF,7 LB,,,370.2026,462.75325,0.19999999999999993,Note 3,,,
AussieTubeKit820,Aussie Tube Kit 820',Injection Tube System - 820' KIT,P,Kit,820 LF,60 LB,,,1998.2515,2497.814375,0.19999999999999996,Note 3,,,
AussieTubeBulkRoll820,Aussie Tube - Bulk Roll 820',Injection Tube - Bulk Roll (820' long) (Injection Tube Only),R,Roll,820 LF,33 LB,30,1023 LB,1161.325,1451.65625,0.19999999999999996,Note 3,,,
ClearInjectionHose300,Clear Injection Hose 300',Clear Injection Hose - Bulk Roll 300 Ft (Clear Hose Only),R,Roll,300 LF,16 LB,,,115.875,144.84375,0.2,Note 3,,,
Elbows12mm,Elbows 12mm,Injection Tube ELBows - Bulk - 10/Bag    (Price per Elbow),B,Each,10/Bag,,,,7.64775,9.559687499999999,0.1999999999999999,Note 1,,,
Clamps,Clamps,Injection Tube Clamps - Bulk - 100/Box  (Price per Box),B,Box,100/Box,,,,10.815,13.518749999999999,0.19999999999999998,Note 1,,,
Alternate Item Number,AVM Item Number,Grouts,Key,Unit,Unit Size,Unit Weight,Units/Pallet,Appx. Pallet Weight,Your Prices,Suggested Retail,% MARGIN,,,,
910Accelerator0.5Gal,910 Accelerator (0.5-Gal),"Aussie Grout 910 Accelerator (Catalyst) - 0.5 Gal
(For use with Aussie Grout 911 / 912 / 913)",P,Can,0.5 Gal,5 LB,240,1250 LB,46.865,58.58125,0.19999999999999993,,,,
911Grout5Gal,911 Grout (5-Gal),Aussie Grout 911 - 5 Gal  (90 CPS),P,Pail,5 Gal,50 LB,36,2450 LB,357.204,446.505,0.19999999999999998,1 Yr,,,
912Grout5Gal,912 Grout (5-Gal),Aussie Grout 912 - 5 Gal  (160-250 CPS),P,Pail,5 Gal,50 LB,36,2450 LB,357.204,446.505,0.19999999999999998,1 Yr,,,
913Grout5Gal,913 Grout (5-Gal),Aussie Grout 913 - 5 Gal  (160-250 CPS),P,Pail,5 Gal,50 LB,36,2450 LB,357.204,446.505,0.19999999999999998,1 Yr,,,
919PumpFlush,919 Pump Flush,AVM Pump Flush 919,P,Pail,5 Gal,50 LB,36,2450 LB,307.97,384.96250000000003,0.2,1 Yr,,,
Packers,Packers,"Packers (Aluminum) 1/2"" x 4"" (Box of 100)",B,Each,100/Box,,,,2.06,2.5749999999999997,0.1999999999999999,,,,
907AussieGroutBag,907 Aussie Grout (Bag),Aussie Grout 907 Bag (Remedial Bentonite/Polymer Grout),F,Bag,50 LB,50 LB,48,2450 LB,45.629,57.036249999999995,0.19999999999999998,Note 2,19 pallets (912 Bags) / Truck,,
Alternate Item Number,AVM Item Number,Water Stops,Key,Unit,Unit Size,Unit Weight,"Units /
Pallet",Appx. Pallet Weight,Your Prices,Suggested Retail,% MARGIN,,,,
AusseSwellRed,Ausse Swell Red,Waterstop (6 Coils per Box) ,"B,P",Coil,16.4 LF,8.58 LB,216,1937 LB,24.6994,30.87425,0.19999999999999998,1 Yr,Note 4,,
Alternate Item Number,AVM Item Number,"System 600 Series
Polyurethane (Pedestrian & Vehicular Traffic Coating)",Key,Unit,Unit Size,Unit Weight,"Units /
Pallet",Appx. Pallet Weight,Your Prices,Suggested Retail,% MARGIN,,,,
620ALMediumGray,620-AL MediumGray (Kit),620-AL Aliphatic Top Coat - Medium Gray Kit,K,Kit,5.0 Gal,42 LB,36,1700,314.15000000000003,392.6875,0.1999999999999999,1 Yr,,,
620ALWhiteDarkGray,620-AL White-DarkGray (Kit),620-AL Aliphatic Top Coat - White or Dark Gray Kit,K,Kit,5.0 Gal,42 LB,36,1700,314.15000000000003,392.6875,0.1999999999999999,Note 5,,,
620ALOtherStdColor,620-AL Other Standard Color (Kit),620-AL Aliphatic Top Coat - Other Standard Color Kit            50 Kit Minimum,K,Kit,5.0 Gal,42 LB,36,1700,314.15000000000003,392.6875,0.1999999999999999,Note 5,,,
620ALKit forColorPack,620-AL Kit for Color Pack ,620-AL Aliphatic Top Coat - Kit for Color Pack ,K,Kit,5.0 Gal,42 LB,36,1700,314.15000000000003,392.6875,0.1999999999999999,Note 5,,,
620ALColorPack,620-AL ColorPack,620-AL Aliphatic Top Coat - Color Pack (requires kit for color pack),"B,P",Can,1.0 Quart,,,,29.6,37,0.19999999999999996,Note 5,,,
